name,affiliation,headshot,bio,time1,time2
Aaron Jacobs,Crescendo Technology,https://rstudio-global-2021.s3.amazonaws.com/speakers/aaronjacobs.jpg,"<p>Aaron Jacobs is a Senior Data Scientist on the R&amp;D team at Crescendo, a technology company in the sports betting space with a large internal R ecosystem. Prior to Crescendo he worked in Canadian public policy research. Aaron has a strong interest in the engineering side of data science and the emerging use of R &quot;in production&quot;. He is the author of several CRAN and GitHub packages, as well as xrprof -- a new R profiling tool.</p>
<p class=""speaker-links"">
  <a href=""https://unconj.ca"">
    <img src=""https://rstudio-global-2021.s3.amazonaws.com/icons/homepage.png"" alt=""Homepage"" style=""border: none; width: 20px; height: 20px;""/>
  </a>
  <a href=""https://twitter.com/unconj1"">
    <img src=""https://rstudio-global-2021.s3.amazonaws.com/icons/twitter.png"" alt=""Twitter"" style=""border: none; width: 20px; height: 20px;""/>
  </a>
  <a href=""https://github.com/atheriel"">
    <img src=""https://rstudio-global-2021.s3.amazonaws.com/icons/github.png"" alt=""GitHub"" style=""border: none; width: 20px; height: 20px;""/>
  </a>
</p>",2021-01-22 02:00,2021-01-22 02:00
Ahmadou Dicko,STATS4D,,,2021-01-22 02:00,2021-01-22 02:00
Alan Feder,Invesco,https://rstudio-global-2021.s3.amazonaws.com/speakers/alanfeder.jpg,"<p>Alan Feder is a Principal Data Scientist at Invesco, where he uses as much R as possible to solve problems and build products throughout the company.  Previously, he worked as a data scientist at AIG and an actuary at Swiss Re.  He studied statistics and mathematics at Columbia University.  He is unreasonably excited to spread the word about categorical embeddings.</p>
<p>Alan lives in New York City with his wife, Ashira, and two children, Matan and Sarit.</p>
<p class=""speaker-links"">
  <a href=""https://twitter.com/AlanFeder"">
    <img src=""https://rstudio-global-2021.s3.amazonaws.com/icons/twitter.png"" alt=""Twitter"" style=""border: none; width: 20px; height: 20px;""/>
  </a>
  <a href=""https://github.com/AlanFeder"">
    <img src=""https://rstudio-global-2021.s3.amazonaws.com/icons/github.png"" alt=""GitHub"" style=""border: none; width: 20px; height: 20px;""/>
  </a>
  <a href=""https://www.linkedin.com/in/alanfeder/"">
    <img src=""https://rstudio-global-2021.s3.amazonaws.com/icons/linkedin.png"" alt=""LinkedIn"" style=""border: none; width: 20px; height: 20px;""/>
  </a>
</p>",2021-01-21 22:00,2021-01-21 22:00
Alex Cookson,Royal Canadian Mint,https://rstudio-global-2021.s3.amazonaws.com/speakers/alexcookson.png,"<p>Alex Cookson helps the Customer Intelligence team at the Royal Canadian Mint make the most of their data. When he's not working on A/B testing, recommendation engines, or exploratory data analysis at the Mint, he can be found participating in Tidy Tuesday or thinking up cool datasets to explore. And when he's not doing that, he's probably cycling around Toronto or doting on his two cats, Tom Tom and Ruby.</p>
<p class=""speaker-links"">
  <a href=""https://www.alexcookson.com/"">
    <img src=""https://rstudio-global-2021.s3.amazonaws.com/icons/homepage.png"" alt=""Homepage"" style=""border: none; width: 20px; height: 20px;""/>
  </a>
  <a href=""https://twitter.com/alexcookson"">
    <img src=""https://rstudio-global-2021.s3.amazonaws.com/icons/twitter.png"" alt=""Twitter"" style=""border: none; width: 20px; height: 20px;""/>
  </a>
  <a href=""https://github.com/tacookson"">
    <img src=""https://rstudio-global-2021.s3.amazonaws.com/icons/github.png"" alt=""GitHub"" style=""border: none; width: 20px; height: 20px;""/>
  </a>
  <a href=""https://www.linkedin.com/in/alexcookson/"">
    <img src=""https://rstudio-global-2021.s3.amazonaws.com/icons/linkedin.png"" alt=""LinkedIn"" style=""border: none; width: 20px; height: 20px;""/>
  </a>
</p>",2021-01-21 22:00,2021-01-21 22:00
Allison Horst,UC Santa Barbara / RStudio,https://rstudio-global-2021.s3.amazonaws.com/speakers/allisonhorst.png,"<p>Allison is an Assistant Teaching Professor at the Bren School of Environmental Science and Management (UC Santa Barbara), where she teaches environmental data science, math, and statistics courses. She has been an Artist-in-Residence with the National Center for Ecological Analysis and Synthesis (NCEAS) (2018 - 2019) and RStudio (2019 - 2020). Allison's background is in engineering (BS in Chemical Engineering, MS in Mechanical Engineering) and environmental science (PhD Environmental Science and Management). She is a co-founder and member of R-Ladies Santa Barbara, and co-founded and organizes the weekly UCSB TidyTuesday coding club.</p>
<p class=""speaker-links"">
  <a href=""https://www.allisonhorst.com/"">
    <img src=""https://rstudio-global-2021.s3.amazonaws.com/icons/homepage.png"" alt=""Homepage"" style=""border: none; width: 20px; height: 20px;""/>
  </a>
  <a href=""https://twitter.com/allison_horst"">
    <img src=""https://rstudio-global-2021.s3.amazonaws.com/icons/twitter.png"" alt=""Twitter"" style=""border: none; width: 20px; height: 20px;""/>
  </a>
  <a href=""https://github.com/allisonhorst"">
    <img src=""https://rstudio-global-2021.s3.amazonaws.com/icons/github.png"" alt=""GitHub"" style=""border: none; width: 20px; height: 20px;""/>
  </a>
  <a href=""https://www.linkedin.com/in/allison-horst-16a885158/"">
    <img src=""https://rstudio-global-2021.s3.amazonaws.com/icons/linkedin.png"" alt=""LinkedIn"" style=""border: none; width: 20px; height: 20px;""/>
  </a>
</p>",2021-01-21 18:00,2021-01-21 18:00
Andrew Tran,The Washington Post,,,2021-01-22 02:00,2021-01-22 02:00
Athanasia M. Mowinckel,[Center for Lifespan Changes in Brain and Cognition](https://www.oslobrains.no/),https://rstudio-global-2021.s3.amazonaws.com/speakers/athanasiamowinckel.png,"<p>Athanasia M. Mowinckel is a staff scientist at the Center for Lifespan Changes in Brain and Cognition, at the University of Oslo.
She has a background on cognitive psychology, and uses R for almost everything.
She goes by the nickname &quot;Mo&quot; (closer to 'Mou' than 'Moe'), and is a member of the R-Ladies Global team.</p>
<p class=""speaker-links"">
  <a href=""https://drmowinckels.io/"">
    <img src=""https://rstudio-global-2021.s3.amazonaws.com/icons/homepage.png"" alt=""Homepage"" style=""border: none; width: 20px; height: 20px;""/>
  </a>
  <a href=""https://twitter.com/DrMowinckels"">
    <img src=""https://rstudio-global-2021.s3.amazonaws.com/icons/twitter.png"" alt=""Twitter"" style=""border: none; width: 20px; height: 20px;""/>
  </a>
  <a href=""https://github.com/Athanasiamo"">
    <img src=""https://rstudio-global-2021.s3.amazonaws.com/icons/github.png"" alt=""GitHub"" style=""border: none; width: 20px; height: 20px;""/>
  </a>
  <a href=""https://www.linkedin.com/in/drmowinckels/"">
    <img src=""https://rstudio-global-2021.s3.amazonaws.com/icons/linkedin.png"" alt=""LinkedIn"" style=""border: none; width: 20px; height: 20px;""/>
  </a>
</p>",2021-01-21 22:00,2021-01-21 22:00
Barret Schloerke,RStudio,https://rstudio-global-2021.s3.amazonaws.com/speakers/barretschloerke.png,"<p><code>hello()</code>! Dr. Barret Schloerke is a Software Engineer on the Shiny team at RStudio. He currently maintains and creates many R packages surrounding the Shiny ecosystem, including <code>shiny</code>, <code>reactlog</code>, <code>plumber</code>, and <code>learnr</code>. Dr. Schloerke received his PhD in Statistics from Purdue University under the direction of Dr. Ryan Hafen and Dr. William Cleveland, specializing in Large Data Visualization (using R!).</p>
<p class=""speaker-links"">
  <a href=""http://schloerke.com/"">
    <img src=""https://rstudio-global-2021.s3.amazonaws.com/icons/homepage.png"" alt=""Homepage"" style=""border: none; width: 20px; height: 20px;""/>
  </a>
  <a href=""https://twitter.com/schloerke"">
    <img src=""https://rstudio-global-2021.s3.amazonaws.com/icons/twitter.png"" alt=""Twitter"" style=""border: none; width: 20px; height: 20px;""/>
  </a>
  <a href=""https://github.com/schloerke"">
    <img src=""https://rstudio-global-2021.s3.amazonaws.com/icons/github.png"" alt=""GitHub"" style=""border: none; width: 20px; height: 20px;""/>
  </a>
  <a href=""https://www.linkedin.com/in/schloerke/"">
    <img src=""https://rstudio-global-2021.s3.amazonaws.com/icons/linkedin.png"" alt=""LinkedIn"" style=""border: none; width: 20px; height: 20px;""/>
  </a>
</p>",2021-01-22 02:00,2021-01-22 02:00
Carson Sievert,,https://rstudio-global-2021.s3.amazonaws.com/speakers/carsonsievert.png,"<p>Carson is a software engineer at RStudio working on projects that bridge R with web technologies, such as <code>{shiny}</code>, <code>{bslib}</code>, <code>{thematic}</code>, and <code>{plotly}</code>. Before joining RStudio in late 2018, Carson worked as consultant, delivering analytical and scientific software to organizations such as the Library of Congress, NOAA, Sandia National Labs, and plotly. Carson began consulting part-time during his PhD in statistics at Iowa State, where his work on the R package <code>{plotly}</code> was recognized by the ASA with the 2017 Chambers Award. His book &quot;Interactive data visualization with R, plotly, and shiny&quot;&quot; is freely available online at https://plotly-r.com.</p>
",2021-01-22 02:00,2021-01-22 02:00
Chelsea Parlett-Pelleriti,Chapman University,,"<p>Chelsea Parlett-Pelleriti is a PhD Candidate and full-time instructional faculty teaching Data Science at Chapman University. Her research centers around how we can use statistics and machine learning to improve the way we analyze behavioral (read: psychology) data. In her free time, you can find Chelsea on Twitter making stats memes or #statsTikTok's. She also writes about statistics, machine learning, and using R for various blogs.</p>
<p class=""speaker-links"">
  <a href=""https://cmparlettpelleriti.github.io/"">
    <img src=""https://rstudio-global-2021.s3.amazonaws.com/icons/homepage.png"" alt=""Homepage"" style=""border: none; width: 20px; height: 20px;""/>
  </a>
  <a href=""https://twitter.com/ChelseaParlett"">
    <img src=""https://rstudio-global-2021.s3.amazonaws.com/icons/twitter.png"" alt=""Twitter"" style=""border: none; width: 20px; height: 20px;""/>
  </a>
  <a href=""https://github.com/cmparlettpelleriti"">
    <img src=""https://rstudio-global-2021.s3.amazonaws.com/icons/github.png"" alt=""GitHub"" style=""border: none; width: 20px; height: 20px;""/>
  </a>
  <a href=""https://www.linkedin.com/in/chelseaparlettpelleriti/"">
    <img src=""https://rstudio-global-2021.s3.amazonaws.com/icons/linkedin.png"" alt=""LinkedIn"" style=""border: none; width: 20px; height: 20px;""/>
  </a>
</p>",2021-01-21 22:00,2021-01-21 22:00
Colin Rundel,University of Edinburgh & Duke University,,"<p>Colin Rundel is Lecturer in Statistics and Data Science in the School of Mathematics at the University of Edinburgh and an Assistant Professor of the Practice in the Department of Statistical Science at Duke University. He is a long time user R and RStudio and his research interests include statistical computing, bayesian methods for spatial statistics, with a focus on applications in biology and ecology.</p>
<p class=""speaker-links"">
  <a href=""https://twitter.com/rundel"">
    <img src=""https://rstudio-global-2021.s3.amazonaws.com/icons/twitter.png"" alt=""Twitter"" style=""border: none; width: 20px; height: 20px;""/>
  </a>
  <a href=""https://github.com/rundel"">
    <img src=""https://rstudio-global-2021.s3.amazonaws.com/icons/github.png"" alt=""GitHub"" style=""border: none; width: 20px; height: 20px;""/>
  </a>
</p>",2021-01-22 02:00,2021-01-22 02:00
Danielle Oberdier,,,,2021-01-22 02:00,2021-01-22 02:00
Danielle Smalls-Perkins,,,,2021-01-21 18:00,2021-01-21 18:00
Dean Marchiori,,https://rstudio-global-2021.s3.amazonaws.com/speakers/deanmarchiori.jpg,"<p>Dean Marchiori is a Statistician based in Sydney, Australia. He currently works with Endeavour Energy as a Senior Data Scientist modelling bushfire and vegetation risk on the electricity network.<br />
Dean's career started in finance as an equities trader before moving into advanced analytics, where he has worked with some of Australia’s largest organisations.  His professional interests are in geospatial analysis, time series modelling and the R programming language.<br />
In 2019, Dean was named one of the top 10 analytics leaders in Australia by IAPA. He is also recognised as an Accredited Statistician with the Statistical Society of Australia. He holds a Bachelor of Science in Mathematics (awarded with University Medal) and a Masters degree in Applied Finance.<br />
Outside of work Dean enjoys bodysurfing, running and spending time with his wife and two boys.</p>
<p class=""speaker-links"">
  <a href=""https://deanmarchiori.github.io"">
    <img src=""https://rstudio-global-2021.s3.amazonaws.com/icons/homepage.png"" alt=""Homepage"" style=""border: none; width: 20px; height: 20px;""/>
  </a>
  <a href=""https://twitter.com/deanmarchiori"">
    <img src=""https://rstudio-global-2021.s3.amazonaws.com/icons/twitter.png"" alt=""Twitter"" style=""border: none; width: 20px; height: 20px;""/>
  </a>
  <a href=""https://github.com/deanmarchiori"">
    <img src=""https://rstudio-global-2021.s3.amazonaws.com/icons/github.png"" alt=""GitHub"" style=""border: none; width: 20px; height: 20px;""/>
  </a>
  <a href=""https://www.linkedin.com/in/deanmarchiori"">
    <img src=""https://rstudio-global-2021.s3.amazonaws.com/icons/linkedin.png"" alt=""LinkedIn"" style=""border: none; width: 20px; height: 20px;""/>
  </a>
</p>",2021-01-22 02:00,2021-01-22 02:00
Dorris Scott,,,,2021-01-21 18:00,2021-01-21 18:00
Emily Riederer,Capital One,https://rstudio-global-2021.s3.amazonaws.com/speakers/emilyriederer.jpg,"<p>Emily Riederer is a Senior Analytics Manager at Capital One where she leads a team building innersource data products, tools, and applications in R. Emily is an active member of the R community; she is the developer of the <code>projmgr</code> and <code>convo</code> R packages, a founding co-organizer of the annual satRday Chicago conference, and frequently writes about R and data science on Twitter and her blog (emily.rbind.io). Most recently, she coauthored the <em>R Markdown Cookbook</em> from CRC Press and contributed essays to the forthcoming O'Reilly book <em>97 Things Data Engineers Should Know</em>.</p>
<p class=""speaker-links"">
  <a href=""https://emily.rbind.io/"">
    <img src=""https://rstudio-global-2021.s3.amazonaws.com/icons/homepage.png"" alt=""Homepage"" style=""border: none; width: 20px; height: 20px;""/>
  </a>
  <a href=""https://twitter.com/EmilyRiederer"">
    <img src=""https://rstudio-global-2021.s3.amazonaws.com/icons/twitter.png"" alt=""Twitter"" style=""border: none; width: 20px; height: 20px;""/>
  </a>
  <a href=""https://github.com/emilyriederer"">
    <img src=""https://rstudio-global-2021.s3.amazonaws.com/icons/github.png"" alt=""GitHub"" style=""border: none; width: 20px; height: 20px;""/>
  </a>
  <a href=""https://www.linkedin.com/in/emilyriederer/"">
    <img src=""https://rstudio-global-2021.s3.amazonaws.com/icons/linkedin.png"" alt=""LinkedIn"" style=""border: none; width: 20px; height: 20px;""/>
  </a>
</p>",2021-01-21 22:00,2021-01-21 22:00
Eric Gunnar Cronstrom,Central Michigan University,https://rstudio-global-2021.s3.amazonaws.com/speakers/ericgunnarcronstrom.jpg,"<p>Eric is responsible for administering a wide range of day to day program functions associated with the performance and accountability of CMU partner schools. He ensures that the data the Center utilizes to evaluate school performance is accurate and stored within a sound data infrastructure. He also leverages his wide range of technical skills to lead the development and production of reports and respond to questions regarding school performance and demographic context.</p>
<p>Prior to joining the Center, Eric was a database administrator for Central Michigan University Libraries. He has also served as a lecturer at Central Michigan University teaching courses in web design, database design and programming. He earned a master’s degree in information systems management and a bachelor’s degree in computer science from Central Michigan University. He is also pursuing an additional master’s degree in applied statistics at Central Michigan University.</p>
",2021-01-22 02:00,2021-01-22 02:00
Garrick Aden-Buie,,,,2021-01-22 02:00,2021-01-22 02:00
Grant Fleming,Elder Research Inc.,https://rstudio-global-2021.s3.amazonaws.com/speakers/grantfleming.png,"<p>Grant Fleming is a Data Scientist at Elder Research, co-author of the Wiley book <em>Responsible Data Science</em> (2021), and contributor to the O'Reilly book <em>97 Things About Ethics Everyone in Data Science Should Know</em>. His professional focus is on machine learning for social science applications, model explainability, and building tools for reproducible data science. Previously, Grant was a research contractor for USAID.</p>
<p class=""speaker-links"">
  <a href=""https://twitter.com/hearthehearsay"">
    <img src=""https://rstudio-global-2021.s3.amazonaws.com/icons/twitter.png"" alt=""Twitter"" style=""border: none; width: 20px; height: 20px;""/>
  </a>
  <a href=""https://github.com/Gflemin"">
    <img src=""https://rstudio-global-2021.s3.amazonaws.com/icons/github.png"" alt=""GitHub"" style=""border: none; width: 20px; height: 20px;""/>
  </a>
  <a href=""https://www.linkedin.com/in/grant-fleming-a1712a131"">
    <img src=""https://rstudio-global-2021.s3.amazonaws.com/icons/linkedin.png"" alt=""LinkedIn"" style=""border: none; width: 20px; height: 20px;""/>
  </a>
</p>",2021-01-21 22:00,2021-01-21 22:00
Irene Steves,Riskified,https://rstudio-global-2021.s3.amazonaws.com/speakers/irenesteves.jpg,"<p>Irene holds an M.Sc. in Ecology and a B.A. in Integrative Biology, through which she first discovered R and data science. Her interest in data led her to the Arctic Data Center at the University of California Santa Barbara, a summer internship at RStudio, and ultimately to the Research &amp; Data Science department at Riskified, where she now explores the complex patterns of fraud in eCommerce. In her free time, she studies Hebrew through podcasts and dubbed kids' movies.</p>
<p class=""speaker-links"">
  <a href=""https://irene.rbind.io/"">
    <img src=""https://rstudio-global-2021.s3.amazonaws.com/icons/homepage.png"" alt=""Homepage"" style=""border: none; width: 20px; height: 20px;""/>
  </a>
  <a href=""https://twitter.com/i_steves"">
    <img src=""https://rstudio-global-2021.s3.amazonaws.com/icons/twitter.png"" alt=""Twitter"" style=""border: none; width: 20px; height: 20px;""/>
  </a>
  <a href=""https://github.com/isteves"">
    <img src=""https://rstudio-global-2021.s3.amazonaws.com/icons/github.png"" alt=""GitHub"" style=""border: none; width: 20px; height: 20px;""/>
  </a>
</p>",2021-01-21 18:00,2021-01-21 18:00
Javier Luraschi,,https://rstudio-global-2021.s3.amazonaws.com/speakers/javierluraschi.jpg,"<p>Javier is the author of “Mastering Spark with R”, pins, sparklyr, mlflow and torch. He holds a double degree in Math and Software Engineer and decades of industry experience with a focus on data analysis. Javier is currently working on a project of his own; and previously worked in RStudio, Microsoft Research and SAP.</p>
<p class=""speaker-links"">
  <a href=""http://about.me/javierluraschi"">
    <img src=""https://rstudio-global-2021.s3.amazonaws.com/icons/homepage.png"" alt=""Homepage"" style=""border: none; width: 20px; height: 20px;""/>
  </a>
  <a href=""https://twitter.com/javierluraschi"">
    <img src=""https://rstudio-global-2021.s3.amazonaws.com/icons/twitter.png"" alt=""Twitter"" style=""border: none; width: 20px; height: 20px;""/>
  </a>
  <a href=""https://github.com/javierluraschi"">
    <img src=""https://rstudio-global-2021.s3.amazonaws.com/icons/github.png"" alt=""GitHub"" style=""border: none; width: 20px; height: 20px;""/>
  </a>
  <a href=""https://www.linkedin.com/in/javierluraschi/"">
    <img src=""https://rstudio-global-2021.s3.amazonaws.com/icons/linkedin.png"" alt=""LinkedIn"" style=""border: none; width: 20px; height: 20px;""/>
  </a>
</p>",2021-01-21 18:00,2021-01-21 18:00
Jeroen Ooms,UC Berkeley,https://rstudio-global-2021.s3.amazonaws.com/speakers/jeroenooms.jpg,"<p>Jeroen Ooms is a researcher and software developer with the rOpenSci group at UC Berkeley. He has written (too) many CRAN packages, and also maintains the compilers and build infrastructure for R on Windows. In this talk he will finally reveal how to pronounce his name.</p>
<p class=""speaker-links"">
  <a href=""https://twitter.com/opencpu"">
    <img src=""https://rstudio-global-2021.s3.amazonaws.com/icons/twitter.png"" alt=""Twitter"" style=""border: none; width: 20px; height: 20px;""/>
  </a>
  <a href=""https://github.com/jeroen"">
    <img src=""https://rstudio-global-2021.s3.amazonaws.com/icons/github.png"" alt=""GitHub"" style=""border: none; width: 20px; height: 20px;""/>
  </a>
  <a href=""https://www.linkedin.com/in/datajeroen"">
    <img src=""https://rstudio-global-2021.s3.amazonaws.com/icons/linkedin.png"" alt=""LinkedIn"" style=""border: none; width: 20px; height: 20px;""/>
  </a>
</p>",2021-01-21 22:00,2021-01-21 22:00
John Helveston,George Washington University,,"<p>John Paul Helveston is an Assistant Professor in the <a href=""https://www.emse.seas.gwu.edu/"">Engineering Management and Systems Engineering Department</a> at the <a href=""https://www.gwu.edu/"">George Washington University</a>. He studies technological change, with a particular interest in accelerating the transition to environmentally sustainable and energy-saving technologies. His research centers around how consumer preferences, market dynamics, and policy affect the emergence of critical technologies, such as electric vehicles and solar energy. He is an expert on China's rapidly emerging electric vehicle industry as well as the critical relationship between the US and China in developing and mass producing low carbon energy technologies. He applies an interdisciplinary approach to research, with expertise in discrete choice modeling and conjoint analysis as well as interview-based case studies. He has conducted extensive fieldwork in China, collaborating with colleagues at Tsinghua university, Beijing Normal University, and China's State Information Center on past projects. He is a fluent speaker of Mandarin Chinese and also an award-winning swing dancer. John holds a Ph.D. and M.S. in <a href=""https://www.cmu.edu/epp/"">Engineering and Public Policy</a> from Carnegie Mellon University and a B.S. in <a href=""http://www.beam.vt.edu/"">Engineering Science and Mechanics</a> from Virginia Tech.</p>
<p class=""speaker-links"">
  <a href=""http://www.jhelvy.com/"">
    <img src=""https://rstudio-global-2021.s3.amazonaws.com/icons/homepage.png"" alt=""Homepage"" style=""border: none; width: 20px; height: 20px;""/>
  </a>
  <a href=""https://twitter.com/JohnHelveston"">
    <img src=""https://rstudio-global-2021.s3.amazonaws.com/icons/twitter.png"" alt=""Twitter"" style=""border: none; width: 20px; height: 20px;""/>
  </a>
  <a href=""https://github.com/jhelvy"">
    <img src=""https://rstudio-global-2021.s3.amazonaws.com/icons/github.png"" alt=""GitHub"" style=""border: none; width: 20px; height: 20px;""/>
  </a>
  <a href=""https://www.linkedin.com/in/jhelvy"">
    <img src=""https://rstudio-global-2021.s3.amazonaws.com/icons/linkedin.png"" alt=""LinkedIn"" style=""border: none; width: 20px; height: 20px;""/>
  </a>
</p>",2021-01-21 22:00,2021-01-21 22:00
JooYoung Seo,The Pennsylvania State University,https://rstudio-global-2021.s3.amazonaws.com/speakers/jooyoungseo.jpg,"<p>JooYoung Seo is a Ph.D candidate in the Learning, Design, and Technology program at the Pennsylvania State University, and internationally certified accessibility professional whose research and development focuses on accessible computing for all. As an RStudio's double-certified data science instructor (i.e., Tidyverse + Shiny), who is blind, he is committed to making data science ecosystem more accessible to people with and without dis/abilities using R. To this end, he has been actively contributing to R open-source projects including <code>{shiny}</code>, <code>{rmarkdown}</code>, <code>{bookdown}</code>, and <code>{distill}</code> for accessibility, and interned on the RStudio IDE and Shiny team as an accessibility engineer in summer 2020.</p>
<p class=""speaker-links"">
  <a href=""https://jooyoungseo.com"">
    <img src=""https://rstudio-global-2021.s3.amazonaws.com/icons/homepage.png"" alt=""Homepage"" style=""border: none; width: 20px; height: 20px;""/>
  </a>
  <a href=""https://twitter.com/seo_jooyoung"">
    <img src=""https://rstudio-global-2021.s3.amazonaws.com/icons/twitter.png"" alt=""Twitter"" style=""border: none; width: 20px; height: 20px;""/>
  </a>
  <a href=""https://github.com/jooyoungseo"">
    <img src=""https://rstudio-global-2021.s3.amazonaws.com/icons/github.png"" alt=""GitHub"" style=""border: none; width: 20px; height: 20px;""/>
  </a>
  <a href=""https://www.linkedin.com/in/jooyoungseo"">
    <img src=""https://rstudio-global-2021.s3.amazonaws.com/icons/linkedin.png"" alt=""LinkedIn"" style=""border: none; width: 20px; height: 20px;""/>
  </a>
</p>",2021-01-21 18:00,2021-01-21 18:00
Kara Woo,Sage Bionetworks,https://rstudio-global-2021.s3.amazonaws.com/speakers/karawoo.jpg,"<p>Kara Woo is a principal bioinformatics engineer at Sage Bionetworks. She leads a team of developers building tools and infrastructure for open science. Kara previously worked at Washington State University and at the National Center for Ecological Analysis and Synthesis (NCEAS), where she combined data management with fieldwork in Siberia at Lake Baikal. She has four cats.</p>
<p class=""speaker-links"">
  <a href=""https://karawoo.com/"">
    <img src=""https://rstudio-global-2021.s3.amazonaws.com/icons/homepage.png"" alt=""Homepage"" style=""border: none; width: 20px; height: 20px;""/>
  </a>
  <a href=""https://twitter.com/kara_woo"">
    <img src=""https://rstudio-global-2021.s3.amazonaws.com/icons/twitter.png"" alt=""Twitter"" style=""border: none; width: 20px; height: 20px;""/>
  </a>
  <a href=""https://github.com/karawoo"">
    <img src=""https://rstudio-global-2021.s3.amazonaws.com/icons/github.png"" alt=""GitHub"" style=""border: none; width: 20px; height: 20px;""/>
  </a>
</p>",2021-01-21 18:00,2021-01-21 18:00
Kate Hertweck,Fred Hutchinson Cancer Research Center,https://rstudio-global-2021.s3.amazonaws.com/speakers/katehertweck.jpg,"<p>Kate Hertweck is a scientist and educator
who endeavors to uphold core values like:
diversity/equity/inclusion,
accessibility of information, and
learning over knowing.
Kate’s graduate training at University of Missouri focused on genomic evolution of plants,
and was followed by a postdoctoral fellowship at the National Evolutionary Synthesis Center (NESCent, Duke University)
where they began working exclusively in computational biology.
Kate then spent four years as an assistant professor teaching
bioinformatics, genomics, plant taxonomy,
and scientific communication.
Kate is currently bioinformatics training manager at Fred Hutchinson Cancer Research Center,
where they lead and implement training and community building to support the data-intensive biomedical research community.
Kate is an instructor and trainer for The Carpentries (serving as a leader in community governance from 2016-2019),
and is an advisor for Metadocencia.
These non-profit groups support best practices in teaching
for data/computational skills and Spanish-speaking educators, respectively.
Kate likes to spend their time enjoying all things science fiction
and knitting sweaters from handspun yarn for their tiny, grumpy, elderly rescue dog, Loki.
Kate uses perceived pronouns,
so any pronoun you think fits also works for them.</p>
<p class=""speaker-links"">
  <a href=""https://katehertweck.com"">
    <img src=""https://rstudio-global-2021.s3.amazonaws.com/icons/homepage.png"" alt=""Homepage"" style=""border: none; width: 20px; height: 20px;""/>
  </a>
  <a href=""https://twitter.com/k8hert"">
    <img src=""https://rstudio-global-2021.s3.amazonaws.com/icons/twitter.png"" alt=""Twitter"" style=""border: none; width: 20px; height: 20px;""/>
  </a>
  <a href=""https://github.com/k8hertweck"">
    <img src=""https://rstudio-global-2021.s3.amazonaws.com/icons/github.png"" alt=""GitHub"" style=""border: none; width: 20px; height: 20px;""/>
  </a>
  <a href=""https://www.linkedin.com/in/katehertweck/"">
    <img src=""https://rstudio-global-2021.s3.amazonaws.com/icons/linkedin.png"" alt=""LinkedIn"" style=""border: none; width: 20px; height: 20px;""/>
  </a>
</p>",2021-01-21 22:00,2021-01-21 22:00
Lucy D'Agostino McGowan,,,,2021-01-22 02:00,2021-01-22 02:00
Malcolm Barrett,Teladoc Health,https://rstudio-global-2021.s3.amazonaws.com/speakers/malcolmbarrett.jpg,"<p>Malcolm Barrett is Clinical Research Data Scientist at Teladoc Health, an epidemiologist, and an R developer. He is also an organizer for the Los Angeles R Users Group. Malcolm is the author of several R packages, including ggdag and precisely. Previousy, he was an intern at RStudio and spent two years of service in AmeriCorps. In 2013 and 2014, while serving in AmeriCorps, Malcolm lived in the Zen Center of New York City, where he is still a student.</p>
<p class=""speaker-links"">
  <a href=""https://malco.io/"">
    <img src=""https://rstudio-global-2021.s3.amazonaws.com/icons/homepage.png"" alt=""Homepage"" style=""border: none; width: 20px; height: 20px;""/>
  </a>
  <a href=""https://twitter.com/malco_barrett"">
    <img src=""https://rstudio-global-2021.s3.amazonaws.com/icons/twitter.png"" alt=""Twitter"" style=""border: none; width: 20px; height: 20px;""/>
  </a>
  <a href=""https://github.com/malcolmbarrett/"">
    <img src=""https://rstudio-global-2021.s3.amazonaws.com/icons/github.png"" alt=""GitHub"" style=""border: none; width: 20px; height: 20px;""/>
  </a>
  <a href=""https://www.linkedin.com/in/malcolm-barrett-33b307138/"">
    <img src=""https://rstudio-global-2021.s3.amazonaws.com/icons/linkedin.png"" alt=""LinkedIn"" style=""border: none; width: 20px; height: 20px;""/>
  </a>
</p>",2021-01-21 22:00,2021-01-21 22:00
Marcus Adams,Merck,https://rstudio-global-2021.s3.amazonaws.com/speakers/marcusadams.jpg,"<p>Marcus Adams is an Associate Director, Engineering at the biopharmaceutical company Merck. He earned his BEng and MS in Chemical Engineering from the University of Delaware and Villanova University, respectively. His more than decade of experience at Merck spans the bio-pharmaceutical spectrum and includes experience in pre-clinical PK/PD modeling, product commercialization, in-line technology support, procurement, and vaccine distribution technology development. Currently, he works as a part of the Digital Proactive Process Analytics team, leveraging Merck’s Big Data Platform in the development of manufacturing information data models, report automation tools, and integrated-systems analysis applications.  His professional interests include effective digital visualization, reproducible research/analysis, and convincing his coworkers of the diverse, flourishing world beyond Microsoft Excel.</p>
<p class=""speaker-links"">
  <a href=""https://twitter.com/mtotheadams"">
    <img src=""https://rstudio-global-2021.s3.amazonaws.com/icons/twitter.png"" alt=""Twitter"" style=""border: none; width: 20px; height: 20px;""/>
  </a>
  <a href=""https://github.com/adamsma"">
    <img src=""https://rstudio-global-2021.s3.amazonaws.com/icons/github.png"" alt=""GitHub"" style=""border: none; width: 20px; height: 20px;""/>
  </a>
  <a href=""https://www.linkedin.com/in/marcus-adams-6779852a"">
    <img src=""https://rstudio-global-2021.s3.amazonaws.com/icons/linkedin.png"" alt=""LinkedIn"" style=""border: none; width: 20px; height: 20px;""/>
  </a>
</p>",2021-01-22 02:00,2021-01-22 02:00
Marie Vendettuoli,,,,2021-01-21 22:00,2021-01-21 22:00
Matt Thomas,British Red Cross,https://rstudio-global-2021.s3.amazonaws.com/speakers/mattthomas.jpg,"<p>Dr Matt Thomas is Head of Strategic Insight and Foresight at the British Red Cross. Matt's team aims to help the Red Cross become more anticipatory and proactive by producing insights and tools including the <a href=""https://britishredcrosssociety.github.io/covid-19-vulnerability/"">Vulnerability Index</a> and <a href=""https://britishredcross.shinyapps.io/resilience-index/"">Resilience Index</a>. He holds a PhD in Evolutionary Anthropology and, prior to joining the British Red Cross, was researching topics including reindeer herders in the Arctic, hunter-gatherers in the Philippines, and witches in China. Outside of work, Matt writes a column for <a href=""https://www.sapiens.org/column/machinations/"">an anthropology magazine</a> as well as fiction.</p>
<p class=""speaker-links"">
  <a href=""http://matthewgthomas.co.uk"">
    <img src=""https://rstudio-global-2021.s3.amazonaws.com/icons/homepage.png"" alt=""Homepage"" style=""border: none; width: 20px; height: 20px;""/>
  </a>
  <a href=""https://twitter.com/matthewgthomas"">
    <img src=""https://rstudio-global-2021.s3.amazonaws.com/icons/twitter.png"" alt=""Twitter"" style=""border: none; width: 20px; height: 20px;""/>
  </a>
  <a href=""https://github.com/matthewgthomas"">
    <img src=""https://rstudio-global-2021.s3.amazonaws.com/icons/github.png"" alt=""GitHub"" style=""border: none; width: 20px; height: 20px;""/>
  </a>
  <a href=""https://www.linkedin.com/in/matthewgthomas/"">
    <img src=""https://rstudio-global-2021.s3.amazonaws.com/icons/linkedin.png"" alt=""LinkedIn"" style=""border: none; width: 20px; height: 20px;""/>
  </a>
</p>",2021-01-22 02:00,2021-01-22 02:00
Max Kuhn,RStudio,,,2021-01-21 22:00,2021-01-21 22:00
Maya Gans,Atorus Research,https://rstudio-global-2021.s3.amazonaws.com/speakers/mayagans.jpg,"<p>Maya is an R and JavaScript developer mainly focused on data visulaization and user experience. She currently works for Atorus Research where she is a web and Shiny developer. During her time as an intern at RStudio, she created a blocks-based programming language called TidyBlocks and co-authored “JavaScript for Data Science.” Passionate about data science education, Maya has given multiple trainings and workshops.</p>
<p class=""speaker-links"">
  <a href=""https://maya.rbind.io"">
    <img src=""https://rstudio-global-2021.s3.amazonaws.com/icons/homepage.png"" alt=""Homepage"" style=""border: none; width: 20px; height: 20px;""/>
  </a>
  <a href=""https://twitter.com/Mayacelium"">
    <img src=""https://rstudio-global-2021.s3.amazonaws.com/icons/twitter.png"" alt=""Twitter"" style=""border: none; width: 20px; height: 20px;""/>
  </a>
  <a href=""https://github.com/MayaGans"">
    <img src=""https://rstudio-global-2021.s3.amazonaws.com/icons/github.png"" alt=""GitHub"" style=""border: none; width: 20px; height: 20px;""/>
  </a>
  <a href=""https://www.linkedin.com/in/mayagans/"">
    <img src=""https://rstudio-global-2021.s3.amazonaws.com/icons/linkedin.png"" alt=""LinkedIn"" style=""border: none; width: 20px; height: 20px;""/>
  </a>
</p>",2021-01-21 18:00,2021-01-21 18:00
Megan Beckett,Exegetic Analytics,https://rstudio-global-2021.s3.amazonaws.com/speakers/meganbeckett.jpg,"<p>Megan Beckett is a Data Scientist at Exegetic Analytics, where she consults, develops and leads several analytical projects across a wide range of fields and industries. <em>&quot;Scientifically creative; creatively scientific.&quot;</em> This aptly describes her philosophy and approach in her work and life. Megan helped co-found and organises the Cape Town R-Ladies chapter and is a co-organiser of the satRday events in South Africa. She loves to paint, with her most recent work exploring the <a href=""https://mappamundi.netlify.app/portfolio/"">biodiversity of southern Africa</a>, and running is her passion, whether on the road or the trail.</p>
<p class=""speaker-links"">
  <a href=""https://meganbeckett.github.io/mbeckett_cv"">
    <img src=""https://rstudio-global-2021.s3.amazonaws.com/icons/homepage.png"" alt=""Homepage"" style=""border: none; width: 20px; height: 20px;""/>
  </a>
  <a href=""https://twitter.com/mbeckett_za"">
    <img src=""https://rstudio-global-2021.s3.amazonaws.com/icons/twitter.png"" alt=""Twitter"" style=""border: none; width: 20px; height: 20px;""/>
  </a>
  <a href=""https://github.com/MeganBeckett"">
    <img src=""https://rstudio-global-2021.s3.amazonaws.com/icons/github.png"" alt=""GitHub"" style=""border: none; width: 20px; height: 20px;""/>
  </a>
  <a href=""https://www.linkedin.com/in/meganbeckett/"">
    <img src=""https://rstudio-global-2021.s3.amazonaws.com/icons/linkedin.png"" alt=""LinkedIn"" style=""border: none; width: 20px; height: 20px;""/>
  </a>
</p>",2021-01-21 18:00,2021-01-21 18:00
Michael Chirico,,,,2021-01-21 18:00,2021-01-21 18:00
Michael Chow,On Sabbatical,,,2021-01-21 18:00,2021-01-21 18:00
Mike Page,British Red Cross,https://rstudio-global-2021.s3.amazonaws.com/speakers/mikepage.jpg,"<p>Mike Page is a data scientist on the Strategic Insight and Foresight team at the British Red Cross. Here, he helps to develop a suite of open source tools and dashboards including the <a href=""https://britishredcrosssociety.github.io/covid-19-vulnerability/"">Vulnerability Index</a> and <a href=""https://britishredcross.shinyapps.io/resilience-index/"">Resilience Index</a>. Mike is also the author of several R packages including mortyr and newsrivr. In his spare time you can find him rock climbing around the Alps.</p>
<p class=""speaker-links"">
  <a href=""https://www.mikejohnpage.com/"">
    <img src=""https://rstudio-global-2021.s3.amazonaws.com/icons/homepage.png"" alt=""Homepage"" style=""border: none; width: 20px; height: 20px;""/>
  </a>
  <a href=""https://twitter.com/MikeJohnPage"">
    <img src=""https://rstudio-global-2021.s3.amazonaws.com/icons/twitter.png"" alt=""Twitter"" style=""border: none; width: 20px; height: 20px;""/>
  </a>
  <a href=""https://github.com/mikejohnpage"">
    <img src=""https://rstudio-global-2021.s3.amazonaws.com/icons/github.png"" alt=""GitHub"" style=""border: none; width: 20px; height: 20px;""/>
  </a>
</p>",2021-01-22 02:00,2021-01-22 02:00
Mine Çetinkaya-Rundel,RStudio & University of Edinburgh & Duke University,https://rstudio-global-2021.s3.amazonaws.com/speakers/minecetinkayarundel.jpg,"<p>Mine Çetinkaya-Rundel is Professional Educator and Data Scientist at RStudio as well as Senior Lecturer at University of Edinburgh and Associate Professor of the Practice at Duke University. Mine’s work focuses on innovation in statistics and data science pedagogy, with an emphasis on computing, reproducible research, student-centered learning, and open-source education as well as pedagogical approaches for enhancing retention of women and under-represented minorities in STEM. She works on the <a href=""https://www.openintro.org/"">OpenIntro</a> project, is also the creator and maintainer of <a href=""https://datasciencebox.org/"">datasciencebox.org</a>, teaches the popular <a href=""https://www.coursera.org/specializations/statistics"">Statistics with R</a> MOOC on Coursera. She has four cats.</p>
<p class=""speaker-links"">
  <a href=""http://mine-cr.com/"">
    <img src=""https://rstudio-global-2021.s3.amazonaws.com/icons/homepage.png"" alt=""Homepage"" style=""border: none; width: 20px; height: 20px;""/>
  </a>
  <a href=""https://twitter.com/minebocek"">
    <img src=""https://rstudio-global-2021.s3.amazonaws.com/icons/twitter.png"" alt=""Twitter"" style=""border: none; width: 20px; height: 20px;""/>
  </a>
  <a href=""https://github.com/mine-cetinkaya-rundel"">
    <img src=""https://rstudio-global-2021.s3.amazonaws.com/icons/github.png"" alt=""GitHub"" style=""border: none; width: 20px; height: 20px;""/>
  </a>
  <a href=""https://www.linkedin.com/in/minec/"">
    <img src=""https://rstudio-global-2021.s3.amazonaws.com/icons/linkedin.png"" alt=""LinkedIn"" style=""border: none; width: 20px; height: 20px;""/>
  </a>
</p>",2021-01-21 22:00,2021-01-21 22:00
Neal Richardson,Ursa Computing,https://rstudio-global-2021.s3.amazonaws.com/speakers/nealrichardson.jpg,"<p>Neal Richardson leads the engineering team at Ursa Computing, a startup working to empower data teams and accelerate data science. He is also the maintainer of several R packages, including <code>arrow</code>, and is a member of Apache Arrow's project management committee. Previously, he received a Ph.D. in Political Science and worked in survey analytics.</p>
<p class=""speaker-links"">
  <a href=""https://enpiar.com/"">
    <img src=""https://rstudio-global-2021.s3.amazonaws.com/icons/homepage.png"" alt=""Homepage"" style=""border: none; width: 20px; height: 20px;""/>
  </a>
  <a href=""https://twitter.com/enpiar"">
    <img src=""https://rstudio-global-2021.s3.amazonaws.com/icons/twitter.png"" alt=""Twitter"" style=""border: none; width: 20px; height: 20px;""/>
  </a>
  <a href=""https://github.com/nealrichardson"">
    <img src=""https://rstudio-global-2021.s3.amazonaws.com/icons/github.png"" alt=""GitHub"" style=""border: none; width: 20px; height: 20px;""/>
  </a>
  <a href=""https://www.linkedin.com/in/enpiar/"">
    <img src=""https://rstudio-global-2021.s3.amazonaws.com/icons/linkedin.png"" alt=""LinkedIn"" style=""border: none; width: 20px; height: 20px;""/>
  </a>
</p>",2021-01-22 02:00,2021-01-22 02:00
Nicholas Pylypiw,Cape Fear Collective,https://rstudio-global-2021.s3.amazonaws.com/speakers/nicholaspylypiw.jpg,"<p>Nick is the Director of Data Science at Cape Fear Collective, a non profit which supports Southeastern North Carolina’s front line organizations in combating poverty, racism, poor health and education outcomes, and socio-economic disparities. Prior to CFC, he honed his data science and consulting skills in the marketing analytics space, transforming the way Fortune 500+ companies (Lowe's Southwest Airlines, P&amp;G, and many others) think about their customer strategy and value proposition. He lives in Raleigh, North Carolina.</p>
<p class=""speaker-links"">
  <a href=""https://capefearcollective.org"">
    <img src=""https://rstudio-global-2021.s3.amazonaws.com/icons/homepage.png"" alt=""Homepage"" style=""border: none; width: 20px; height: 20px;""/>
  </a>
  <a href=""https://github.com/NickPyll"">
    <img src=""https://rstudio-global-2021.s3.amazonaws.com/icons/github.png"" alt=""GitHub"" style=""border: none; width: 20px; height: 20px;""/>
  </a>
  <a href=""https://www.linkedin.com/in/nicholaspylypiw/"">
    <img src=""https://rstudio-global-2021.s3.amazonaws.com/icons/linkedin.png"" alt=""LinkedIn"" style=""border: none; width: 20px; height: 20px;""/>
  </a>
</p>",2021-01-21 18:00,2021-01-21 18:00
Nicole Kramer,University of North Carolina at Chapel Hill,https://rstudio-global-2021.s3.amazonaws.com/speakers/nicolekramer.jpg,"<p>Nicole Kramer is a third year <a href=""https://bcb.unc.edu/"">Bioinformatics and Computational Biology</a> graduate student at the University of North Carolina at Chapel Hill. She works in the <a href=""http://phanstiel-lab.med.unc.edu/"">lab of Dr. Doug Phanstiel</a>, where her and her colleagues use experimental and computational techniques to study human genomics. Prior to grad school, Nicole received her B.S. in Biological Engineering from MIT in 2018. When not doing science, you can find Nicole petting dogs, admiring giraffes, or knitting tiny animals!</p>
<p class=""speaker-links"">
  <a href=""https://twitter.com/nekramer27"">
    <img src=""https://rstudio-global-2021.s3.amazonaws.com/icons/twitter.png"" alt=""Twitter"" style=""border: none; width: 20px; height: 20px;""/>
  </a>
  <a href=""https://github.com/PhanstielLab"">
    <img src=""https://rstudio-global-2021.s3.amazonaws.com/icons/github.png"" alt=""GitHub"" style=""border: none; width: 20px; height: 20px;""/>
  </a>
  <a href=""https://www.linkedin.com/in/nicole-kramer-229183127/"">
    <img src=""https://rstudio-global-2021.s3.amazonaws.com/icons/linkedin.png"" alt=""LinkedIn"" style=""border: none; width: 20px; height: 20px;""/>
  </a>
</p>",2021-01-21 18:00,2021-01-21 18:00
Pamela E. Pairo,,https://rstudio-global-2021.s3.amazonaws.com/speakers/pamelapairo.jpg,"<p>Pamela E. Pairo is a Ph.D. in Biological Sciences of the University of Buenos Aires, with expertise in community ecology. One of her research lines focuses on analyzing the impact of human activities on the diversity and composition of biological communities with particular interest in arthropods. In addition, she is interested in studying the spatio-temporal patterns of dengue disease in Argentina. She also is a teaching assistant in statistics at the Argentine University of Enterprise (UADE).</p>
<p class=""speaker-links"">
  <a href=""https://pamepairo.netlify.app/"">
    <img src=""https://rstudio-global-2021.s3.amazonaws.com/icons/homepage.png"" alt=""Homepage"" style=""border: none; width: 20px; height: 20px;""/>
  </a>
  <a href=""https://twitter.com/PamePairo"">
    <img src=""https://rstudio-global-2021.s3.amazonaws.com/icons/twitter.png"" alt=""Twitter"" style=""border: none; width: 20px; height: 20px;""/>
  </a>
  <a href=""https://github.com/PamelaPairo"">
    <img src=""https://rstudio-global-2021.s3.amazonaws.com/icons/github.png"" alt=""GitHub"" style=""border: none; width: 20px; height: 20px;""/>
  </a>
  <a href=""https://www.linkedin.com/in/pamela-e-pairo-5a2004202/"">
    <img src=""https://rstudio-global-2021.s3.amazonaws.com/icons/linkedin.png"" alt=""LinkedIn"" style=""border: none; width: 20px; height: 20px;""/>
  </a>
</p>",2021-01-21 18:00,2021-01-21 18:00
Richard Vogg,,https://rstudio-global-2021.s3.amazonaws.com/speakers/richardvogg.jpg,"<p>Richard Vogg studied mathematics at TU Kaiserslautern, Germany, where he focused on statistics and obtained a Master’s degree.
He worked as a Senior Business Analyst at Evalueserve in Chile for the last years, analyzing data for a major US bank. At the end of 2020, he moved back to Germany.
Richard is a fan of applied statistics and storytelling with data. Outside of R, he enjoys playing the ukulele, trumpet, and didgeridoo.</p>
<p class=""speaker-links"">
  <a href=""https://r-vogg-blog.netlify.app/"">
    <img src=""https://rstudio-global-2021.s3.amazonaws.com/icons/homepage.png"" alt=""Homepage"" style=""border: none; width: 20px; height: 20px;""/>
  </a>
  <a href=""https://twitter.com/richard_vogg"">
    <img src=""https://rstudio-global-2021.s3.amazonaws.com/icons/twitter.png"" alt=""Twitter"" style=""border: none; width: 20px; height: 20px;""/>
  </a>
  <a href=""https://github.com/richardvogg"">
    <img src=""https://rstudio-global-2021.s3.amazonaws.com/icons/github.png"" alt=""GitHub"" style=""border: none; width: 20px; height: 20px;""/>
  </a>
  <a href=""https://www.linkedin.com/in/richard-vogg-185764145/"">
    <img src=""https://rstudio-global-2021.s3.amazonaws.com/icons/linkedin.png"" alt=""LinkedIn"" style=""border: none; width: 20px; height: 20px;""/>
  </a>
</p>",2021-01-21 22:00,2021-01-21 22:00
Rika,Spring Health,,,2021-01-22 02:00,2021-01-22 02:00
Riva Quiroga,Programming Historian,https://rstudio-global-2021.s3.amazonaws.com/speakers/rivaquiroga.jpg,"<p>Riva is a linguist and educator by training. In her day-to-day work she teaches R programming, data visualization, and communication skills. She is also an editor at Programming Historian, an online project that publishes novice-friendly, peer-reviewed tutorials that help humanists learn a wide range of digital tools, techniques and workflows to facilitate research and teaching. She is currently pursuing a PhD in Linguistics, where she uses R to identify and visualize linguistic patterns in political speeches.
Riva is an active member of the Latin American R community, where she likes to organize events, RLadies chapters, and translation projects. She lives with two cats, another human being, and an absurdly high number of plants.</p>
<p class=""speaker-links"">
  <a href=""https://rivaquiroga.cl/"">
    <img src=""https://rstudio-global-2021.s3.amazonaws.com/icons/homepage.png"" alt=""Homepage"" style=""border: none; width: 20px; height: 20px;""/>
  </a>
  <a href=""https://twitter.com/rivaquiroga"">
    <img src=""https://rstudio-global-2021.s3.amazonaws.com/icons/twitter.png"" alt=""Twitter"" style=""border: none; width: 20px; height: 20px;""/>
  </a>
  <a href=""https://github.com/rivaquiroga"">
    <img src=""https://rstudio-global-2021.s3.amazonaws.com/icons/github.png"" alt=""GitHub"" style=""border: none; width: 20px; height: 20px;""/>
  </a>
</p>",2021-01-21 22:00,2021-01-21 22:00
Sean Lopp,RStudio,https://rstudio-global-2021.s3.amazonaws.com/speakers/seanlopp.png,"<p>Sean Lopp is an engineer, data scientist, and product leader. At RStudio, he helps data science teams uncover better habits and adopt better tools. He has worked with hundreds of organizations in finance, manufacturing, consumer tech, pharma, and healthcare. Sean led the creation of RStudio's Package Manager. Before RStudio Sean worked in NREL's transportation research group. He lives in Colorado and skis and bikes with his family.</p>
<p class=""speaker-links"">
  <a href=""https://loppsided.blog"">
    <img src=""https://rstudio-global-2021.s3.amazonaws.com/icons/homepage.png"" alt=""Homepage"" style=""border: none; width: 20px; height: 20px;""/>
  </a>
  <a href=""https://twitter.com/lopp_sean"">
    <img src=""https://rstudio-global-2021.s3.amazonaws.com/icons/twitter.png"" alt=""Twitter"" style=""border: none; width: 20px; height: 20px;""/>
  </a>
  <a href=""https://github.com/slopp"">
    <img src=""https://rstudio-global-2021.s3.amazonaws.com/icons/github.png"" alt=""GitHub"" style=""border: none; width: 20px; height: 20px;""/>
  </a>
</p>",2021-01-21 18:00,2021-01-21 18:00
Shelmith Kariuki,"Data Analytics Consultant: UN DESA, Population Division",,,2021-01-22 02:00,2021-01-22 02:00
Shirbi Ish-Shalom,Intuit,,,2021-01-21 22:00,2021-01-21 22:00
Simon Couch,Reed College,https://rstudio-global-2021.s3.amazonaws.com/speakers/simoncouch.jpg,"<p>Simon Couch is an R developer and statistics student at Reed College, where he is entering the final semester of his undergraduate degree. He co-authors and maintains R packages including broom, infer, and stacks, leads trainings and workshops as an RStudio-certified tidyverse trainer, and researches in algorithmic data privacy. He interned on the RStudio tidymodels team in summer 2020, and is currently applying to doctoral programs in statistics.</p>
<p class=""speaker-links"">
  <a href=""https://simonpcouch.com"">
    <img src=""https://rstudio-global-2021.s3.amazonaws.com/icons/homepage.png"" alt=""Homepage"" style=""border: none; width: 20px; height: 20px;""/>
  </a>
  <a href=""https://twitter.com/simonpcouch"">
    <img src=""https://rstudio-global-2021.s3.amazonaws.com/icons/twitter.png"" alt=""Twitter"" style=""border: none; width: 20px; height: 20px;""/>
  </a>
  <a href=""https://github.com/simonpcouch"">
    <img src=""https://rstudio-global-2021.s3.amazonaws.com/icons/github.png"" alt=""GitHub"" style=""border: none; width: 20px; height: 20px;""/>
  </a>
  <a href=""https://linkedin.com/in/simonpcouch/"">
    <img src=""https://rstudio-global-2021.s3.amazonaws.com/icons/linkedin.png"" alt=""LinkedIn"" style=""border: none; width: 20px; height: 20px;""/>
  </a>
</p>",2021-01-21 22:00,2021-01-21 22:00
Sophie Beiers,American Civil Liberties Union,https://rstudio-global-2021.s3.amazonaws.com/speakers/sophiebeiers.jpg,"<p>Sophie Beiers works on the ACLU's Analytics team as a Data Journalist where she analyzes and visualizes data for their lawyers’ legal arguments and for external advocacy pieces. Prior to her time at the ACLU, she received her master’s degree in Quantitative Methods in Social Sciences at Columbia University where she also TA’d at the Lede Program for Data Journalism. Before NYC, she kicked off her career in analytics in San Francisco at the education nonprofit &quot;YouthTruth.&quot; Sophie is a Bay Area native but currently lives in Portland, OR and enjoys running, hiking, and making pottery in her free time.</p>
<p class=""speaker-links"">
  <a href=""http://www.sophiebeiers.com"">
    <img src=""https://rstudio-global-2021.s3.amazonaws.com/icons/homepage.png"" alt=""Homepage"" style=""border: none; width: 20px; height: 20px;""/>
  </a>
  <a href=""https://twitter.com/sophiebeiers"">
    <img src=""https://rstudio-global-2021.s3.amazonaws.com/icons/twitter.png"" alt=""Twitter"" style=""border: none; width: 20px; height: 20px;""/>
  </a>
  <a href=""https://github.com/sophiebeiers"">
    <img src=""https://rstudio-global-2021.s3.amazonaws.com/icons/github.png"" alt=""GitHub"" style=""border: none; width: 20px; height: 20px;""/>
  </a>
  <a href=""https://www.linkedin.com/in/sophiebeiers/"">
    <img src=""https://rstudio-global-2021.s3.amazonaws.com/icons/linkedin.png"" alt=""LinkedIn"" style=""border: none; width: 20px; height: 20px;""/>
  </a>
</p>",2021-01-21 18:00,2021-01-21 18:00
Winston Chang,RStudio,,,2021-01-22 02:00,2021-01-22 02:00
Wolfram King,R Weekly,https://rstudio-global-2021.s3.amazonaws.com/speakers/wolframking.jpg,"<p>Wolfram King is the founder of the R Weekly project. He is an active member of the R community and has several popular R open-source projects on GitHub.</p>
<p class=""speaker-links"">
  <a href=""https://rweekly.org"">
    <img src=""https://rstudio-global-2021.s3.amazonaws.com/icons/homepage.png"" alt=""Homepage"" style=""border: none; width: 20px; height: 20px;""/>
  </a>
  <a href=""https://twitter.com/rweekly_org"">
    <img src=""https://rstudio-global-2021.s3.amazonaws.com/icons/twitter.png"" alt=""Twitter"" style=""border: none; width: 20px; height: 20px;""/>
  </a>
  <a href=""https://github.com/rweekly/rweekly.org"">
    <img src=""https://rstudio-global-2021.s3.amazonaws.com/icons/github.png"" alt=""GitHub"" style=""border: none; width: 20px; height: 20px;""/>
  </a>
</p>",2021-01-22 02:00,2021-01-22 02:00
Yanina Bellini Saibene,INTA - MetaDocencia - R-Ladies,https://rstudio-global-2021.s3.amazonaws.com/speakers/yaninabellinisaibene.jpg,"<p>Yanina Bellini Saibene is a researcher at INTA (National Institute of Agricultural Technology) dedicated to applying data science to the agricultural sector and a professor in several regional specializations about Digital Agriculture and Data Analysis. Yanina is formally trained as a Licenciate in Information System with a Master degree in Data Mining and Knowledge Management. She is an active member of the R Community as an R-Ladies organizer and part of the R-Ladies Global Team. She also is a co-founder and co-chair of LatinR and part of the organizing team of useR!2020 and user!2021 (co-chair).
She also co-founder of MetaDocencia, an open, free, volunteer-lead, not-for-profit educational organization and part of the teams that translate educational and technical material to Spanish.</p>
<p class=""speaker-links"">
  <a href=""https://yabellini.netlify.app/"">
    <img src=""https://rstudio-global-2021.s3.amazonaws.com/icons/homepage.png"" alt=""Homepage"" style=""border: none; width: 20px; height: 20px;""/>
  </a>
  <a href=""https://twitter.com/yabellini"">
    <img src=""https://rstudio-global-2021.s3.amazonaws.com/icons/twitter.png"" alt=""Twitter"" style=""border: none; width: 20px; height: 20px;""/>
  </a>
  <a href=""https://github.com/yabellini"">
    <img src=""https://rstudio-global-2021.s3.amazonaws.com/icons/github.png"" alt=""GitHub"" style=""border: none; width: 20px; height: 20px;""/>
  </a>
  <a href=""https://www.linkedin.com/in/yabellini/"">
    <img src=""https://rstudio-global-2021.s3.amazonaws.com/icons/linkedin.png"" alt=""LinkedIn"" style=""border: none; width: 20px; height: 20px;""/>
  </a>
</p>",2021-01-21 22:00,2021-01-21 22:00
ZJ,,https://rstudio-global-2021.s3.amazonaws.com/speakers/zj.jpg,"<p>ZJ is a machine learning developer based in Melbourne, Australia. He regularly contributes to open source projects. He has more than 10 years of experience in banking before joining the tech sector. In his free time, he enjoys playing Go/Baduk/Weiqi.</p>
<p class=""speaker-links"">
  <a href=""https://twitter.com/evalparse"">
    <img src=""https://rstudio-global-2021.s3.amazonaws.com/icons/twitter.png"" alt=""Twitter"" style=""border: none; width: 20px; height: 20px;""/>
  </a>
  <a href=""https://github.com/xiaodaigh/"">
    <img src=""https://rstudio-global-2021.s3.amazonaws.com/icons/github.png"" alt=""GitHub"" style=""border: none; width: 20px; height: 20px;""/>
  </a>
  <a href=""https://linkedin.com/in/daizj"">
    <img src=""https://rstudio-global-2021.s3.amazonaws.com/icons/linkedin.png"" alt=""LinkedIn"" style=""border: none; width: 20px; height: 20px;""/>
  </a>
</p>",2021-01-22 02:00,2021-01-22 02:00
